{"cameraMode":{"drawMode":0,"name":"Shaded","section":"Shading Mode"},"sceneLighting":true,"audioPlay":false,"sceneViewState":{"m_AlwaysRefresh":false,"showFog":true,"showSkybox":true,"showFlares":true,"showImageEffects":true,"showParticleSystems":true,"showVisualEffectGraphs":true,"m_FxEnabled":false},"in2DMode":false,"pivot":{"x":7.831941604614258,"y":-0.9362794160842896,"z":21.97258758544922},"rotation":{"x":0.044486552476882938,"y":0.8892841339111328,"z":-0.08860573172569275,"w":0.4464823007583618},"size":3.9988059997558595,"orthographic":false}