{"cameraMode":{"drawMode":0,"name":"Shaded","section":"Shading Mode"},"sceneLighting":true,"audioPlay":false,"sceneViewState":{"m_AlwaysRefresh":false,"showFog":true,"showSkybox":true,"showFlares":true,"showImageEffects":true,"showParticleSystems":true,"showVisualEffectGraphs":true,"m_FxEnabled":false},"in2DMode":false,"pivot":{"x":0.26196715235710146,"y":0.989795982837677,"z":1.4865930080413819},"rotation":{"x":-0.11256886273622513,"y":-0.005368223413825035,"z":0.0006082409527152777,"w":-0.9936292767524719},"size":2.0664122104644777,"orthographic":false}